-- phpMyAdmin SQL Dump
-- version 4.9.0.1
-- https://www.phpmyadmin.net/
--
-- Host: 127.0.0.1
-- Generation Time: Apr 07, 2021 at 05:14 AM
-- Server version: 10.3.16-MariaDB
-- PHP Version: 7.3.7

SET SQL_MODE = "NO_AUTO_VALUE_ON_ZERO";
SET AUTOCOMMIT = 0;
START TRANSACTION;
SET time_zone = "+00:00";


/*!40101 SET @OLD_CHARACTER_SET_CLIENT=@@CHARACTER_SET_CLIENT */;
/*!40101 SET @OLD_CHARACTER_SET_RESULTS=@@CHARACTER_SET_RESULTS */;
/*!40101 SET @OLD_COLLATION_CONNECTION=@@COLLATION_CONNECTION */;
/*!40101 SET NAMES utf8mb4 */;

--
-- Database: `laporan_masyarakat`
--

-- --------------------------------------------------------

--
-- Table structure for table `masyarakat`
--

CREATE TABLE `masyarakat` (
  `nik` varchar(16) NOT NULL,
  `nama` varchar(35) NOT NULL,
  `username` varchar(25) NOT NULL,
  `password` varchar(32) NOT NULL,
  `telp` varchar(12) NOT NULL
) ENGINE=InnoDB DEFAULT CHARSET=latin1;

--
-- Dumping data for table `masyarakat`
--

INSERT INTO `masyarakat` (`nik`, `nama`, `username`, `password`, `telp`) VALUES
('001', 'Baniansyah Saputra', 'bani', 'cantik', '082116853348'),
('002', 'Nisa Annisa', 'nisa', 'cantik', '082112345678'),
('003', 'Hunaya Faujiah', 'naya', 'cantik', '082116858909'),
('004', 'athariq', 'thariq', 'cantik', '082263206577');

-- --------------------------------------------------------

--
-- Table structure for table `pengaduan`
--

CREATE TABLE `pengaduan` (
  `id_pengaduan` int(11) NOT NULL,
  `tgl_pengaduan` date NOT NULL,
  `nik` varchar(16) NOT NULL,
  `isi_laporan` text NOT NULL,
  `foto` varchar(255) NOT NULL,
  `status` enum('tunggu','proses','selesai','') NOT NULL
) ENGINE=InnoDB DEFAULT CHARSET=latin1;

--
-- Dumping data for table `pengaduan`
--

INSERT INTO `pengaduan` (`id_pengaduan`, `tgl_pengaduan`, `nik`, `isi_laporan`, `foto`, `status`) VALUES
(1, '2021-04-07', '001', 'Ada banjir di daerah kecamatan wado tepatnya di jembatan cinta', 'banjir.jpg', 'selesai'),
(2, '2021-04-07', '002', 'Di jalan Cisitu ada tiang listrik yang jatuh, segera kirimkan bantuan', 'tianglistrik.jpg', 'selesai'),
(3, '2021-04-07', '003', 'Ada kecelakaan di jalan Sukatali, mohon untuk kirimkan bantuan', '', 'selesai'),
(4, '2021-04-07', '004', 'lapor! ada pohon tumbang di dekat sekolah smkn 1 sumedang, tolong segera kirimkan bantuan', 'pohontumbang.jpg', 'selesai');

-- --------------------------------------------------------

--
-- Table structure for table `petugas`
--

CREATE TABLE `petugas` (
  `id_petugas` int(11) NOT NULL,
  `nama_petugas` varchar(35) NOT NULL,
  `username` varchar(25) NOT NULL,
  `password` varchar(32) NOT NULL,
  `telp` varchar(12) NOT NULL,
  `level` enum('admin','petugas','','') NOT NULL
) ENGINE=InnoDB DEFAULT CHARSET=latin1;

--
-- Dumping data for table `petugas`
--

INSERT INTO `petugas` (`id_petugas`, `nama_petugas`, `username`, `password`, `telp`, `level`) VALUES
(1, 'admin', 'admin', 'cantik', '085159913413', 'admin'),
(2, 'petugas', 'petugas', 'cantik', '085155156437', 'petugas');

-- --------------------------------------------------------

--
-- Table structure for table `tanggapan`
--

CREATE TABLE `tanggapan` (
  `id_tanggapan` int(11) NOT NULL,
  `id_pengaduan` int(11) NOT NULL,
  `tgl_tanggapan` date NOT NULL,
  `tanggapan` text NOT NULL,
  `id_petugas` int(11) NOT NULL
) ENGINE=InnoDB DEFAULT CHARSET=latin1;

--
-- Dumping data for table `tanggapan`
--

INSERT INTO `tanggapan` (`id_tanggapan`, `id_pengaduan`, `tgl_tanggapan`, `tanggapan`, `id_petugas`) VALUES
(2, 1, '2021-04-07', 'iya, kami akan segera mendatangkan bantuan.', 1),
(3, 2, '2021-04-07', 'PLN akan segera datang', 1),
(4, 3, '2021-04-07', 'iya, mohon bersabar bantuan akan segera datang', 2),
(5, 4, '2021-04-07', 'siap, kami akan segera kirimkan bantuan. mohon bersabar', 2);

--
-- Indexes for dumped tables
--

--
-- Indexes for table `masyarakat`
--
ALTER TABLE `masyarakat`
  ADD PRIMARY KEY (`nik`);

--
-- Indexes for table `pengaduan`
--
ALTER TABLE `pengaduan`
  ADD PRIMARY KEY (`id_pengaduan`);

--
-- Indexes for table `petugas`
--
ALTER TABLE `petugas`
  ADD PRIMARY KEY (`id_petugas`);

--
-- Indexes for table `tanggapan`
--
ALTER TABLE `tanggapan`
  ADD PRIMARY KEY (`id_tanggapan`);

--
-- AUTO_INCREMENT for dumped tables
--

--
-- AUTO_INCREMENT for table `pengaduan`
--
ALTER TABLE `pengaduan`
  MODIFY `id_pengaduan` int(11) NOT NULL AUTO_INCREMENT, AUTO_INCREMENT=5;

--
-- AUTO_INCREMENT for table `petugas`
--
ALTER TABLE `petugas`
  MODIFY `id_petugas` int(11) NOT NULL AUTO_INCREMENT, AUTO_INCREMENT=6;

--
-- AUTO_INCREMENT for table `tanggapan`
--
ALTER TABLE `tanggapan`
  MODIFY `id_tanggapan` int(11) NOT NULL AUTO_INCREMENT, AUTO_INCREMENT=6;
COMMIT;

/*!40101 SET CHARACTER_SET_CLIENT=@OLD_CHARACTER_SET_CLIENT */;
/*!40101 SET CHARACTER_SET_RESULTS=@OLD_CHARACTER_SET_RESULTS */;
/*!40101 SET COLLATION_CONNECTION=@OLD_COLLATION_CONNECTION */;
